{
    "0": {
        "precision": 0.3331931595178021,
        "recall": 0.3593891744783792,
        "f1-score": 0.3457957521093977,
        "support": 6614.0
    },
    "1": {
        "precision": 0.3434795583407938,
        "recall": 0.33967832374206874,
        "f1-score": 0.3415683656057571,
        "support": 6777.0
    },
    "2": {
        "precision": 0.3312783906554186,
        "recall": 0.30897261310334395,
        "f1-score": 0.31973694511860956,
        "support": 6609.0
    },
    "accuracy": 0.33605,
    "macro avg": {
        "precision": 0.3359837028380048,
        "recall": 0.33601337044126395,
        "f1-score": 0.3357003542779215,
        "support": 20000.0
    },
    "weighted avg": {
        "precision": 0.3360459703883982,
        "recall": 0.33605,
        "f1-score": 0.33575216942253316,
        "support": 20000.0
    }
}